{
    "accuracy": 75.37166262135922,
    "accuracy_kmeans": 39.50242718446602,
    "alpha": 0.1,
    "batch_size": 512,
    "beta": 1.0,
    "context_size": 7,
    "cuda": true,
    "dataset": "dblp",
    "em_iter": 0,
    "embedding_optimizer": "exphsgd",
    "epoch": 1,
    "epoch_embedding": 10,
    "epoch_embedding_init": 200,
    "force_rw": true,
    "gamma": 0.1,
    "id": "dblp-big-2D-KMEANS-01",
    "init_alpha": 0.1,
    "init_beta": 1.0,
    "init_lr": 0.0002,
    "kmeans_from_embeddings": {
        "MAX": 60.41413879394531,
        "MEANS": 52.88228225708008,
        "MIN": 43.89411544799805,
        "RES": [
            56.3106803894043,
            56.3106803894043,
            56.3106803894043,
            56.3106803894043,
            51.16049575805664,
            56.3106803894043,
            56.3106803894043,
            56.3106803894043,
            43.89411544799805,
            60.41413879394531,
            53.98968505859375,
            56.3106803894043,
            45.00151824951172,
            44.92566680908203,
            56.3106803894043,
            44.92566680908203,
            48.99120330810547,
            56.3106803894043,
            44.92566680908203,
            56.3106803894043
        ],
        "STD": 5.322099208831787,
        "STD_KMEANS": [
            [
                931.5598754882812,
                266.32470703125,
                695.5487670898438,
                2936.633544921875,
                11354.4521484375
            ],
            [
                11354.4521484375,
                266.32470703125,
                695.5487670898438,
                931.5598754882812,
                2936.633544921875
            ],
            [
                266.32470703125,
                11354.4521484375,
                2936.633544921875,
                695.5487670898438,
                931.5598754882812
            ],
            [
                931.5598754882812,
                2936.633544921875,
                695.5487670898438,
                266.32470703125,
                11354.4521484375
            ],
            [
                659.1157836914062,
                3216.44091796875,
                471.1983947753906,
                12177.708984375,
                162.12905883789062
            ],
            [
                695.5487670898438,
                2936.633544921875,
                931.5598754882812,
                266.32470703125,
                11354.4521484375
            ],
            [
                2936.633544921875,
                266.32470703125,
                11354.4521484375,
                931.5598754882812,
                695.5487670898438
            ],
            [
                2936.633544921875,
                695.5487670898438,
                11354.4521484375,
                931.5598754882812,
                266.32470703125
            ],
            [
                206.87615966796875,
                1849.2860107421875,
                1100.7816162109375,
                12543.16015625,
                1002.5191650390625
            ],
            [
                201.6545867919922,
                4202.16162109375,
                435.22003173828125,
                5020.837890625,
                6005.3017578125
            ],
            [
                684.4614868164062,
                3067.631103515625,
                11117.8798828125,
                873.4878540039062,
                240.7468719482422
            ],
            [
                695.5487670898438,
                2936.633544921875,
                931.5598754882812,
                266.32470703125,
                11354.4521484375
            ],
            [
                997.693603515625,
                1055.5230712890625,
                622.5010375976562,
                11441.9580078125,
                1625.81201171875
            ],
            [
                1613.341064453125,
                11459.853515625,
                1056.407470703125,
                622.5010375976562,
                994.1221923828125
            ],
            [
                931.5598754882812,
                11354.4521484375,
                695.5487670898438,
                266.32470703125,
                2936.633544921875
            ],
            [
                1056.407470703125,
                11459.853515625,
                1613.341064453125,
                994.1221923828125,
                622.5010375976562
            ],
            [
                243.3855743408203,
                3161.0986328125,
                611.4865112304688,
                133.81268310546875,
                13475.2021484375
            ],
            [
                695.5487670898438,
                931.5598754882812,
                266.32470703125,
                2936.633544921875,
                11354.4521484375
            ],
            [
                994.1221923828125,
                1056.407470703125,
                1613.341064453125,
                622.5010375976562,
                11459.853515625
            ],
            [
                2936.633544921875,
                11354.4521484375,
                931.5598754882812,
                266.32470703125,
                695.5487670898438
            ]
        ]
    },
    "lr": 0.0002,
    "n_gaussian": 5,
    "negative_sampling": 4,
    "precompute_rw": 1,
    "save": true,
    "seed": 1,
    "size": 2,
    "walk_lenght": 40
}